source,title,link,location_raw,company_name
glints,Software Engineer (Intern),https://glints.com/id/opportunities/jobs/software-engineer-intern/f3e22085-cdae-4839-a3ca-5ef2c00d5565,,
glints,Graduate Intern - Software Engineer,https://glints.com/id/opportunities/jobs/graduate-intern-software-engineer/140356bb-e73e-4305-98e8-3290734a5f26,,
glints,Software Engineer Intern - Fullstack,https://glints.com/id/opportunities/jobs/software-engineer-intern-fullstack/a565d9e3-77e1-48e2-a6a2-dfe33fce6f1a,,
glints,Intern/Fresher Software Engineer,https://glints.com/id/opportunities/jobs/intern-fresher-software-engineer/cf230878-1f43-4c81-b406-c3824f06bc2e,,
glints,Software Engineer - Fullstack (Laravel) Intern,https://glints.com/id/opportunities/jobs/software-engineer-fullstack-laravel-intern/bcff28ab-9c12-4202-b89a-0146b168b6f4,,
glints,Software Engineer Intern - Front End,https://glints.com/id/opportunities/jobs/software-engineer-intern-front-end/5f5e8697-e2e0-40dc-a5a6-6ec31a6e5c5d,,
glints,Intern-Data Analyst,https://glints.com/id/opportunities/jobs/intern-data-analyst/e6dd90c7-0e4e-4db6-a23b-503c10996b08,,
glints,Data Entry Intern,https://glints.com/id/opportunities/jobs/data-entry-intern/24e2009d-f60b-4d3c-8e1d-afe56a3edaf5,,
glints,Data Analyst Intern,https://glints.com/id/opportunities/jobs/data-analyst-intern/a46b8dfd-fb28-4ba2-b526-bc6af69db1bf,,
glints,Data Analyst Intern,https://glints.com/id/opportunities/jobs/data-analyst-intern/34387d92-80da-4686-9ae0-b4a74538a40c,,
glints,Data Analyst Intern,https://glints.com/id/opportunities/jobs/data-analyst-intern/dae798a0-af7f-4be6-9787-9073781b013d,,
glints,Data Entry Intern,https://glints.com/id/opportunities/jobs/data-entry-intern/51a6dc02-dce2-4bc5-8459-f2a183ddb2bb,,
glints,intern data analyst,https://glints.com/id/opportunities/jobs/intern-data-analyst/c72d4acd-4762-4376-be78-128eecdebc61,,
glints,Data Analyst Intern,https://glints.com/id/opportunities/jobs/data-analyst-intern/b73894b8-8331-4ed3-8063-51eec66a7781,,
glints,Intern Admin Data Sales,https://glints.com/id/opportunities/jobs/intern-admin-data-sales/43f7ffe0-b063-4301-ae2c-99154e4de947,,
glints,Data & Systems Analyst Intern,https://glints.com/id/opportunities/jobs/data-and-systems-analyst-intern/61e3caa2-165e-45c1-9e90-4b0c9aa064cb,,
glints,Updating Data Intern Part-time,https://glints.com/id/opportunities/jobs/updating-data-intern-part-time/f400f333-9306-4013-8398-e3110df98b54,,
glints,Frontend Developer Intern,https://glints.com/id/opportunities/jobs/frontend-developer-intern/63fd305f-bc8f-44b6-8ff1-f524b807e621,,
glints,Backend Developer Intern,https://glints.com/id/opportunities/jobs/backend-developer-intern/789346dd-12fc-4f84-8911-2c6a3d0da3ea,,
glints,[INTERN] Backend Developer,https://glints.com/id/opportunities/jobs/intern-backend-developer/c54071f8-2091-4846-b6f9-fa0b89b4a8e8,,
glints,Java Backend Intern,https://glints.com/id/opportunities/jobs/java-backend-intern/043e3f0c-2dee-4c9e-b205-5b888cb6e320,,
glints,Java Backend Intern,https://glints.com/id/opportunities/jobs/java-backend-intern/0ca62dab-f052-408b-8979-0d8b73888067,,
glints,Backend Developer Intern,https://glints.com/id/opportunities/jobs/backend-developer-intern/595c1640-a9e0-4f05-93a6-0109d3ad46af,,
glints,Internship - Mobile Developer,https://glints.com/id/opportunities/jobs/internship-mobile-developer/94ce0e16-5761-4559-96ee-16b078723f39,,
glints,Mobile Developer Intern (Swift/Kotlin/Flutter),https://glints.com/id/opportunities/jobs/mobile-developer-intern-swift-kotlin-flutter/976c6f2a-15d0-49f7-a9f3-ce203a290d46,,
glints,Intern Mobile Apps Developer (Unpaid),https://glints.com/id/opportunities/jobs/intern-mobile-apps-developer-unpaid/9d9caf06-841a-4928-96f0-36d1660b5ca3,,
glints,Mobile Flutter Intern,https://glints.com/id/opportunities/jobs/mobile-flutter-intern/3b4a9a88-af78-43fc-b240-1a9df30e905b,,
glints,Mobile/ Flutter Intern,https://glints.com/id/opportunities/jobs/mobile-flutter-intern/38546e21-f05c-4575-b6b7-8982c73a9c88,,
kalibrr,Crayon Tech Internship Program,https://www.kalibrr.com/id-ID/c/pt-bank-ocbc-nisp-tbk/jobs/264544/crayon-tech-internship-program,,
kalibrr,Tech Data Internship,https://www.kalibrr.com/id-ID/c/bfifinance/jobs/261828/tech-data-internship,,
kalibrr,Internship,https://www.kalibrr.com/id-ID/c/pt-asuransi-allianz-life-indonesia/jobs/240835/internship-8,,
kalibrr,Creative Internship,https://www.kalibrr.com/id-ID/c/kalibrr-ph/jobs/125209/creative-internship,,
kalibrr,Accounting Internship,https://www.kalibrr.com/id-ID/c/boga-group/jobs/266215/accounting-internship-2,,
kalibrr,Actuary Internship,https://www.kalibrr.com/id-ID/c/pt-asuransi-allianz-life-indonesia/jobs/261424/actuary-internship-2,,
kalibrr,Procurement Internship,https://www.kalibrr.com/id-ID/c/dekoruma/jobs/266186/procurement-internship,,
kalibrr,Graphic Designer Internship,https://www.kalibrr.com/id-ID/c/bfifinance/jobs/261831/graphic-designer-internship-3,,
kalibrr,Corporate Operation Internship,https://www.kalibrr.com/id-ID/c/bfifinance/jobs/252535/corporate-operation-internship,,
kalibrr,Operation Support Internship,https://www.kalibrr.com/id-ID/c/bfifinance/jobs/241209/operation-support-internship,,
kalibrr,IT Security Internship,https://www.kalibrr.com/id-ID/c/pt-asuransi-allianz-life-indonesia/jobs/264260/it-security-internship,,
kalibrr,Digital Acquisition Internship,https://www.kalibrr.com/id-ID/c/bfifinance/jobs/264229/digital-acquisition-internship-2,,
kalibrr,Internship Product Development & Marketing,https://www.kalibrr.com/id-ID/c/pt-asuransi-allianz-life-indonesia/jobs/263345/internship-product-development-marketing,,
kalibrr,Human Capital Internship Denpasar,https://www.kalibrr.com/id-ID/c/bfifinance/jobs/228307/human-capital-internship-denpasar-3,,
kalibrr,Business Management Trainee [Internship],https://www.kalibrr.com/id-ID/c/pt-kitar-technology-indonesia/jobs/264563/business-management-trainee-internship,,
jobstreet,Internship,https://id.jobstreet.com/id/job/91473163,Tangerang,PT. LIPPO KARAWACI TBK
jobstreet,Magang Administrasi | Tunas Rental,https://id.jobstreet.com/id/job/91675107,Tangerang Selatan,PT Tunas Ridean
jobstreet,Social Media Internship (Paid),https://id.jobstreet.com/id/job/91611128,Jakarta Selatan,Bisalunas
jobstreet,Admin Collection (Internship),https://id.jobstreet.com/id/job/91636346,Jakarta Timur,CIPUTRA GROUP
jobstreet,Purchasing Internship,https://id.jobstreet.com/id/job/91618659,Jakarta Selatan,PT Farpoint Prima (Gunung Sewu Group)
jobstreet,Internship Human Resources and Administration,https://id.jobstreet.com/id/job/91664292,Kendal,PT MAS ARYA INDONESIA
jobstreet,KOL Affiliate Intern to Staff,https://id.jobstreet.com/id/job/91655299,Jakarta Selatan,PT Finture Tech Indonesia
jobstreet,CIMB Niaga Internship Teller Program (CIPTA) - Area Mimika,https://id.jobstreet.com/id/job/91670140,Timika,PT CIMB Niaga Tbk
jobstreet,Admin Processing Internship - Branch Bekasi 5 (Cibubur),https://id.jobstreet.com/id/job/91680149,Depok,"PT. BFI FINANCE INDONESIA, Tbk"
jobstreet,Management Trainee for Operations (2026),https://id.jobstreet.com/id/job/91669808,Jakarta Raya,PT Toyota Astra Financial Services
jobstreet,Talent Acquisition (Internship),https://id.jobstreet.com/id/job/91624218,Jakarta Pusat,PT Mandom Indonesia Tbk
jobstreet,Talent Acquisition Intern,https://id.jobstreet.com/id/job/91674267,Karawang,PT Multi Indomandiri
jobstreet,Internship - Industrial Engineering,https://id.jobstreet.com/id/job/91667970,Kendal,PT MAS ARYA INDONESIA
jobstreet,Procurement Admin Intern,https://id.jobstreet.com/id/job/91310587,Jakarta Selatan,PT Empat Mitra Indika Tenaga Surya
jobstreet,Data Science Intern,https://id.jobstreet.com/id/job/91488384,Jakarta Raya,PT GOTO GOJEK TOKOPEDIA TBK
jobstreet,Event Runner (Freelance),https://id.jobstreet.com/id/job/91581478,Jakarta Raya,PT Sahabat Pesta Indonesia
jobstreet,Talent Acquisition Intern,https://id.jobstreet.com/id/job/91618444,Jakarta Raya,PT Lempar Bisnis International
jobstreet,Internship - Divisi Multi Services Management (Fungsi Procurement),https://id.jobstreet.com/id/job/91611491,Jakarta Selatan,PT Patra Jasa
jobstreet,Admin Operasional & HR Support (MAGANG),https://id.jobstreet.com/id/job/91309622,Kecamatan Tangerang,PT Saptakarsa Prima
jobstreet,Internship,https://id.jobstreet.com/id/job/91359310,Bekasi,PT Delta Djakarta Tbk
jobstreet,Software Engineer Intern (Paid Internship),https://id.jobstreet.com/id/job/91574175,Jakarta Selatan,HITHINK TECHNOLOGY INDONESIA
jobstreet,Fresh Graduate Management Training Program (Onsite),https://id.jobstreet.com/id/job/91384259,Jakarta Selatan,Deliveree (PT Angkut Teknologi Indonesia)
jobstreet,Engineering Internship,https://id.jobstreet.com/id/job/91615807,Jakarta Selatan,PT Farpoint Prima (Gunung Sewu Group)
jobstreet,Employer Branding & Assessment Intern,https://id.jobstreet.com/id/job/91468470,Jakarta Selatan,"PT. Bank Mega, Tbk"
jobstreet,Fresh Graduate Finance & HRGA,https://id.jobstreet.com/id/job/91339091,Kelapa Gading,PT Amber Solusi Internasional
jobstreet,Internship - Divisi Multi Services Management,https://id.jobstreet.com/id/job/91610529,Jakarta Selatan,PT Patra Jasa
jobstreet,Content Creator Intern,https://id.jobstreet.com/id/job/91674495,Jakarta Barat,Breylee & Lanbena
jobstreet,Recruitment Intern,https://id.jobstreet.com/id/job/91446773,Jakarta Raya,PT Adi Sarana Armada (Assa Rent)
jobstreet,Event Marketing Intern,https://id.jobstreet.com/id/job/91559296,Jakarta Barat,PT. HIVE KREASI INTERNASIONAL
jobstreet,Internship - Procurement (Retail Groceries),https://id.jobstreet.com/id/job/91624633,Karawaci,PT. LIPPO KARAWACI TBK
jobstreet,Internship Ocean Freight,https://id.jobstreet.com/id/job/91682838,Jawa Barat,PT DHL Global Forwarding Indonesia
jobstreet,Internship - Engineering & Autonomation,https://id.jobstreet.com/id/job/91536240,Kendal,PT MAS ARYA INDONESIA
jobstreet,Magang/Internship Digital Marketing & Graphic Design,https://id.jobstreet.com/id/job/91258661,Jakarta Barat,PT Tekno Logika Utama
jobstreet,Human Resources Officer / intern - RETAIL,https://id.jobstreet.com/id/job/91259845,Tangerang,PT BERSERI LEWAT AROMA
jobstreet,Lowongan Magang (Internship Program),https://id.jobstreet.com/id/job/91560231,Jakarta Raya,PT KCC Indonesia
jobstreet,ACCOUNTING INTERNSHIP,https://id.jobstreet.com/id/job/91646896,Jakarta Utara,PT Uniair Indotama Cargo
jobstreet,Talent Acquisition Specialist,https://id.jobstreet.com/id/job/91614918,Tangerang,PT Alam Sutera Realty Tbk
jobstreet,Internship Program,https://id.jobstreet.com/id/job/91259029,Jakarta Raya,Ofi Indonesia
jobstreet,Paid Internship - Surabaya Office,https://id.jobstreet.com/id/job/91651528,Surabaya,PT China Taiping Insurance Indonesia
jobstreet,HR Admin & Performance Management Intern,https://id.jobstreet.com/id/job/91486103,Tangerang,PT Pakuan Tbk.
jobstreet,Internship for Project Management,https://id.jobstreet.com/id/job/91340864,Jakarta Raya,PT Leads Property Services Indonesia
jobstreet,Central Admin Intern,https://id.jobstreet.com/id/job/91435783,Karawaci,PT. LIPPO KARAWACI TBK
jobstreet,Graphic Design (INTERNSHIP),https://id.jobstreet.com/id/job/91641399,Jakarta Selatan,PT Panin Asset Management
jobstreet,Design & Social Media Internship,https://id.jobstreet.com/id/job/91604268,Cinere,PT Duraquipt Cemerlang
jobstreet,Growth Marketing Internship,https://id.jobstreet.com/id/job/91680042,Jakarta Raya,PT Solusi Gadai Pintar
jobstreet,TikTok Content Creator Internship,https://id.jobstreet.com/id/job/91495777,Jakarta Selatan,PT Bussan Auto Finance (BAF)
jobstreet,IT Programmer (Internship),https://id.jobstreet.com/id/job/91599051,Bekasi,PT Prakarsa Alam Segar
jobstreet,INTERNSHIP - ORDER MANAGEMENT SOLUTION,https://id.jobstreet.com/id/job/91682837,Jawa Barat,PT DHL Global Forwarding Indonesia
jobstreet,Real Estate & Sales Marketing Intern,https://id.jobstreet.com/id/job/91677875,Badung,PT. BALI REAL ESTATE
jobstreet,QA Intern (6-Month Internship),https://id.jobstreet.com/id/job/91563560,Jakarta Barat,PT Merah Cipta Media
jobstreet,Software Developer,https://id.jobstreet.com/id/job/91677128,Jakarta Selatan,PT System Ever Indonesia
jobstreet,IDC Structured Cabling Engineer （Fresh Graduate Welcomed!),https://id.jobstreet.com/id/job/91680912,Jakarta Raya,TITANICOM TECH LIMITED
jobstreet,Junior Software Engineer,https://id.jobstreet.com/id/job/91648206,Jakarta Raya,PT Technet Vision Indonesia
jobstreet,Junior Software Engineer (JAVA),https://id.jobstreet.com/id/job/91564329,Jakarta Raya,PT Infinitium Solutions
jobstreet,Software Engineer - Backend,https://id.jobstreet.com/id/job/91359330,Jawa Tengah,PT Formulatrix Indonesia
jobstreet,Software Engineer Java Developer,https://id.jobstreet.com/id/job/91382769,Jakarta Selatan,PT Structured Services
jobstreet,Full Stack Software Engineer (CAD Rooms Cloud PDM),https://id.jobstreet.com/id/job/91584877,Jakarta Raya,Cavalry Collective Pte. Ltd
jobstreet,Automation Staff,https://id.jobstreet.com/id/job/91499045,Karawang,Pengiklan Anonim
jobstreet,Fullstack Software Engineer,https://id.jobstreet.com/id/job/90967541,Jakarta Pusat,Kinobi AI
jobstreet,Software Engineer - RA,https://id.jobstreet.com/id/job/91643815,Jakarta Raya,PT XL Axiata Tbk
jobstreet,Engineer,https://id.jobstreet.com/id/job/91474834,Bekasi,PT Weebz Mandiri
jobstreet,AI Software Developer,https://id.jobstreet.com/id/job/91564368,Jakarta Selatan,PT SPENTERA
jobstreet,IT Application Staff,https://id.jobstreet.com/id/job/91482779,Jakarta Utara,ASRI (a subsidiary of Agung Sedayu Group)
jobstreet,Software Engineer,https://id.jobstreet.com/id/job/91448510,Semarang,PT Norxel Teknologi Indonesia
jobstreet,AI Software Developer,https://id.jobstreet.com/id/job/91387882,Jakarta Selatan,PT Triyakom
jobstreet,Test Development Engineer,https://id.jobstreet.com/id/job/91437457,Batam,PT Excelitas Technologies Batam
jobstreet,Software Engineering Talent Day - Surabaya,https://id.jobstreet.com/id/job/91287780,Jawa Tengah,PT Formulatrix Indonesia
jobstreet,QC Staff for Digitalization Project,https://id.jobstreet.com/id/job/91275151,Kabupaten Bekasi,PT NSK Bearings Manufacturing Indonesia
jobstreet,Software & PLC Programmer,https://id.jobstreet.com/id/job/91114999,Karawang,PT TCT AUTOMATION ENGINEERING
jobstreet,AI Engineer Internship,https://id.jobstreet.com/id/job/91578213,Tangerang,OPPO Indonesia
jobstreet,Mechanical Design Engineer,https://id.jobstreet.com/id/job/91346068,Jawa Tengah,PT Formulatrix Indonesia
jobstreet,Data Engineering Assistant Manager,https://id.jobstreet.com/id/job/91554536,Jakarta Raya,Pengiklan Anonim
jobstreet,Magang - Teknisi Perbaikan,https://id.jobstreet.com/id/job/91262076,Cikupa,PT Cipta Raya Data Makmur
jobstreet,Process Engineer,https://id.jobstreet.com/id/job/91513398,Jakarta Barat,PT Prakarsalanggeng Majubersama
jobstreet,After-sales Engineer,https://id.jobstreet.com/id/job/91481404,Tebet,PT. VSK MEDICAL EQUIPMENT
jobstreet,Mechatronics Engineer Internship,https://id.jobstreet.com/id/job/91261185,Tangerang,OPPO Indonesia
jobstreet,Information Technology Project Manager,https://id.jobstreet.com/id/job/91485964,Bandung,PT Kurasi Media Nusantara
jobstreet,QA ENGINEER,https://id.jobstreet.com/id/job/91151349,Batam,ENNOVI INTEGRATED ENGINEERING SERVICES BATAM
jobstreet,Japanese Software Engineer - IT services,https://id.jobstreet.com/id/job/91507308,Jakarta Selatan,PT Trust Recruit Indonesia
jobstreet,Software Engineer (Mandarin Speakers),https://id.jobstreet.com/id/job/91384955,Jakarta Raya,PT Trust Recruit Indonesia
jobstreet,"Senior System Administrator / IT Engineer (Part-time, Bali)",https://id.jobstreet.com/id/job/91342893,Badung,TRR Account Service
jobstreet,Data Engineer,https://id.jobstreet.com/id/job/91486751,Jakarta Raya,PT Sharing Vision Indonesia
jobstreet,Apprenticeship Program for IT Support,https://id.jobstreet.com/id/job/91369329,Batam,PT Citra Tubindo Tbk
jobstreet,ERP Consultant (Fresh Graduate),https://id.jobstreet.com/id/job/91565734,Jakarta Pusat,PT Hashmicro Solusi Indonesia
jobstreet,Post Sales,https://id.jobstreet.com/id/job/91166137,Jakarta Utara,PT Adakom International Technology
jobstreet,Advance Software Engineer,https://id.jobstreet.com/id/job/91440972,Jakarta Raya,PT Haleyora Powerindo
jobstreet,K2 Developer (Project Based),https://id.jobstreet.com/id/job/91486028,Jakarta Pusat,PT Lawencon Internasional
jobstreet,Software Engineer,https://id.jobstreet.com/id/job/91451963,Surabaya,PT Sentra Vidya Utama
jobstreet,FREELANCE - IT INSTRUCTOR,https://id.jobstreet.com/id/job/91485376,Yogyakarta,PT Inixindo Widya Iswara Nusantara
jobstreet,Quality Engineer,https://id.jobstreet.com/id/job/91446122,Tangerang Selatan,PT Hongfa Electronic Indonesia
jobstreet,Software Architect,https://id.jobstreet.com/id/job/91318099,Cilandak,PT Mitra Solusi Telematika
jobstreet,QA Engineer Automation,https://id.jobstreet.com/id/job/91316352,Jakarta Selatan,PT Hubexo Asia Indonesia
jobstreet,IT Infrastructure Consultant,https://id.jobstreet.com/id/job/91512079,Jakarta Utara,PT Netmarks Indonesia
jobstreet,QA Engineer,https://id.jobstreet.com/id/job/91340159,Jakarta Barat,PT Jasa Cepat Internasional
jobstreet,Estimator Struktur,https://id.jobstreet.com/id/job/91437622,Jakarta Barat,PT Karya Perdana Baru
jobstreet,IT INTERNSHIP,https://id.jobstreet.com/id/job/91522887,Tangerang,PT Intera Lestari Polimer
jobstreet,Software Developer,https://id.jobstreet.com/id/job/91313822,Jakarta Raya,PT Swadharma Duta Data
jobstreet,Data Entry Specialist Intern,https://id.jobstreet.com/id/job/91422115,Jakarta Selatan,PT Permata Hijau Makmur
jobstreet,Clinical Data Intern (Medical Background),https://id.jobstreet.com/id/job/91415488,Karawaci,Siloam Hospitals Group (Tbk)
jobstreet,Data Engineer,https://id.jobstreet.com/id/job/91610707,Setiabudi,PT Digdaya Duta Digital
jobstreet,Data Analyst Internship,https://id.jobstreet.com/id/job/91150730,Jakarta Utara,TUNTUN SEKURITAS INDONESIA
jobstreet,Business Intelligence Analyst Intern,https://id.jobstreet.com/id/job/91277951,Jakarta Selatan,Halodoc
jobstreet,NOC Intern,https://id.jobstreet.com/id/job/91451290,Kabupaten Bekasi,"PT DCI Indonesia, Tbk"
jobstreet,Master Data Specialist,https://id.jobstreet.com/id/job/91172397,Jakarta Selatan,PT Coway International Indonesia
jobstreet,Data Migration,https://id.jobstreet.com/id/job/91220469,Karawaci,Siloam Hospitals Group (Tbk)
jobstreet,Maintenance Analyst Staff (Maternity Leave),https://id.jobstreet.com/id/job/91447071,Jakarta Pusat,SAMORA GROUP
jobstreet,Overseas Business Intern,https://id.jobstreet.com/id/job/91563001,Jakarta Selatan,PT ITG Pointer Resources Indonesia
jobstreet,Scientific Writing & Data Analytics Unpaid Intern,https://id.jobstreet.com/id/job/91603544,Indonesia,NeoCarbon
jobstreet,Finance Internship,https://id.jobstreet.com/id/job/91561887,Batang,PT. WAVIN MANUFACTURING INDONESIA
jobstreet,Junior Data Engineer,https://id.jobstreet.com/id/job/91231545,Bandung,PT Scada Prima Cipta
jobstreet,Magang Admin QC dan Purchasing,https://id.jobstreet.com/id/job/91549422,Sidoarjo,Pengiklan Anonim
jobstreet,Administrative Intern,https://id.jobstreet.com/id/job/91565718,Jakarta Utara,GRATYO Global Awards Winning Business Coaching Company
jobstreet,Administrative Intern (Law & Business),https://id.jobstreet.com/id/job/91457120,Tangerang Selatan,Pengiklan Anonim
jobstreet,Growth Marketing Internship (IT Based),https://id.jobstreet.com/id/job/91335764,Bali,Stilt Studios
jobstreet,Marketing Analyst Staff (Export Division),https://id.jobstreet.com/id/job/91411716,Jakarta Selatan,Indofood Group
jobstreet,ERP Developer Intern,https://id.jobstreet.com/id/job/91261232,Jakarta Selatan,PT Pratesis
jobstreet,Sales Administration Internship Program - Bali,https://id.jobstreet.com/id/job/91665831,Bali,PT Varnion Technology Semesta
jobstreet,Computer Vision Internship,https://id.jobstreet.com/id/job/91668355,Bandung,Jonas Photo
jobstreet,Fiction Content Editor / AI-Assisted Senior Editor,https://id.jobstreet.com/id/job/91163422,Jakarta Raya,MICHAT PTE LIMITED
jobstreet,Junior QA Manual/Automation (Fresh Graduate),https://id.jobstreet.com/id/job/91197907,Jakarta Raya,PT Adi Data Informatika
jobstreet,HSE Intern,https://id.jobstreet.com/id/job/91200675,Kabupaten Bekasi,"PT DCI Indonesia, Tbk"
jobstreet,Category Strategist Project Intern (Lifestyle) - 2026 Start (BS/MS),https://id.jobstreet.com/id/job/89821747,Jakarta Raya,TIKTOK PTE LTD (TIKTOK)
jobstreet,Growth Marketing Intern,https://id.jobstreet.com/id/job/91656912,Kecamatan Tangerang,PT Cerdas Digital Nusantara
jobstreet,Digital Business Internship,https://id.jobstreet.com/id/job/91668428,Bandung,Jonas Photo
jobstreet,Transport Intern,https://id.jobstreet.com/id/job/91625861,Jakarta Raya,Institute for Transportation and Development Policy
jobstreet,Internship Sales Marketing,https://id.jobstreet.com/id/job/91525195,Bantul,PT. Arqom Technology Innovation
jobstreet,Marketing (Social Media Database) - Internship,https://id.jobstreet.com/id/job/91576669,Denpasar,Sini Saja Ubud
jobstreet,LBE Category Project Intern (Local Business Empowerment) - 2026 Start (BS/MS),https://id.jobstreet.com/id/job/89821743,Jakarta Raya,TIKTOK PTE LTD (TIKTOK)
jobstreet,Digital Transformation Intern (Industrial Process),https://id.jobstreet.com/id/job/90407686,Bekasi,INACO
jobstreet,Internship Data Entry,https://id.jobstreet.com/id/job/91615765,Arcamanik,MOMIASI OFFICIAL
jobstreet,Intern Data Entry,https://id.jobstreet.com/id/job/91615860,Jakarta Raya,Mediaforte distribusi indonesia
jobstreet,Executive Assistant Internship (Data & Business Support),https://id.jobstreet.com/id/job/91635983,Surabaya,PT Tiga Berlian Mandiri
jobstreet,Data Trainer Intern,https://id.jobstreet.com/id/job/91594580,Jakarta Raya,PT Indocyber Global Teknologi
jobstreet,SFE Commex (Data Entry) Internship,https://id.jobstreet.com/id/job/91674199,Kebayoran Lama,PT.Sinergi Performa Energi Cipta
jobstreet,Data Engineer (Internship),https://id.jobstreet.com/id/job/91563702,Tangerang Selatan,PT MEDELA POTENTIA Tbk
jobstreet,Data Entry Intern,https://id.jobstreet.com/id/job/91503391,Jakarta Selatan,PT Isotekindo Intertama
jobstreet,Data Analyst (Internship),https://id.jobstreet.com/id/job/91511788,Jakarta Pusat,Sumber Berkat Group
jobstreet,Data Entry Internship,https://id.jobstreet.com/id/job/91345187,Kebon Jeruk,PT Wahana Adireksa Pratama
